{
  "backpropType" : "Standard",
  "cacheMode" : "NONE",
  "dataType" : "FLOAT",
  "defaultConfiguration" : {
    "cacheMode" : "NONE",
    "dataType" : "FLOAT",
    "epochCount" : 0,
    "iterationCount" : 0,
    "layer" : null,
    "maxNumLineSearchIterations" : 5,
    "miniBatch" : true,
    "minimize" : true,
    "optimizationAlgo" : "STOCHASTIC_GRADIENT_DESCENT",
    "seed" : 123,
    "stepFunction" : null,
    "variables" : [ "layer0_W", "layer0_RW", "layer0_b", "predictTemperature_W", "predictTemperature_b" ]
  },
  "epochCount" : 16,
  "inferenceWorkspaceMode" : "ENABLED",
  "iterationCount" : 16,
  "networkInputs" : [ "trainFeatures" ],
  "networkOutputs" : [ "predictTemperature" ],
  "tbpttBackLength" : 20,
  "tbpttFwdLength" : 20,
  "topologicalOrder" : [ 0, 1, 2 ],
  "topologicalOrderStr" : [ "trainFeatures", "layer0", "predictTemperature" ],
  "trainingWorkspaceMode" : "ENABLED",
  "validateOutputLayerConfig" : true,
  "vertexInputs" : {
    "layer0" : [ "trainFeatures" ],
    "predictTemperature" : [ "layer0" ]
  },
  "vertices" : {
    "layer0" : {
      "@class" : "org.deeplearning4j.nn.conf.graph.LayerVertex",
      "layerConf" : {
        "cacheMode" : "NONE",
        "dataType" : "FLOAT",
        "epochCount" : 0,
        "iterationCount" : 0,
        "layer" : {
          "@class" : "org.deeplearning4j.nn.conf.layers.LSTM",
          "activationFn" : {
            "@class" : "org.nd4j.linalg.activations.impl.ActivationTanH"
          },
          "biasInit" : 0.0,
          "biasUpdater" : null,
          "constraints" : null,
          "forgetGateBiasInit" : 1.0,
          "gainInit" : 1.0,
          "gateActivationFn" : {
            "@class" : "org.nd4j.linalg.activations.impl.ActivationSigmoid"
          },
          "gradientNormalization" : "None",
          "gradientNormalizationThreshold" : 1.0,
          "helperAllowFallback" : true,
          "idropout" : null,
          "iupdater" : {
            "@class" : "org.nd4j.linalg.learning.config.Adam",
            "beta1" : 0.9,
            "beta2" : 0.999,
            "epsilon" : 1.0E-8,
            "learningRate" : 0.01
          },
          "layerName" : "layer0",
          "nin" : 1,
          "nout" : 100,
          "regularization" : [ ],
          "regularizationBias" : [ ],
          "rnnDataFormat" : "NCW",
          "timeDistributedFormat" : null,
          "weightInitFn" : {
            "@class" : "org.deeplearning4j.nn.weights.WeightInitXavier"
          },
          "weightInitFnRecurrent" : null,
          "weightNoise" : null
        },
        "maxNumLineSearchIterations" : 5,
        "miniBatch" : true,
        "minimize" : true,
        "optimizationAlgo" : "STOCHASTIC_GRADIENT_DESCENT",
        "seed" : 123,
        "stepFunction" : null,
        "variables" : [ "W", "RW", "b" ]
      },
      "outputVertex" : false,
      "preProcessor" : null
    },
    "predictTemperature" : {
      "@class" : "org.deeplearning4j.nn.conf.graph.LayerVertex",
      "layerConf" : {
        "cacheMode" : "NONE",
        "dataType" : "FLOAT",
        "epochCount" : 0,
        "iterationCount" : 0,
        "layer" : {
          "@class" : "org.deeplearning4j.nn.conf.layers.RnnOutputLayer",
          "activationFn" : {
            "@class" : "org.nd4j.linalg.activations.impl.ActivationSigmoid"
          },
          "biasInit" : 0.0,
          "biasUpdater" : null,
          "constraints" : null,
          "gainInit" : 1.0,
          "gradientNormalization" : "None",
          "gradientNormalizationThreshold" : 1.0,
          "hasBias" : true,
          "idropout" : null,
          "iupdater" : {
            "@class" : "org.nd4j.linalg.learning.config.Adam",
            "beta1" : 0.9,
            "beta2" : 0.999,
            "epsilon" : 1.0E-8,
            "learningRate" : 0.01
          },
          "layerName" : "predictTemperature",
          "lossFn" : {
            "@class" : "org.nd4j.linalg.lossfunctions.impl.LossBinaryXENT",
            "clipEps" : 1.0E-5
          },
          "nin" : 100,
          "nout" : 1,
          "regularization" : [ ],
          "regularizationBias" : [ ],
          "rnnDataFormat" : "NCW",
          "timeDistributedFormat" : null,
          "weightInitFn" : {
            "@class" : "org.deeplearning4j.nn.weights.WeightInitXavier"
          },
          "weightNoise" : null
        },
        "maxNumLineSearchIterations" : 5,
        "miniBatch" : true,
        "minimize" : true,
        "optimizationAlgo" : "STOCHASTIC_GRADIENT_DESCENT",
        "seed" : 123,
        "stepFunction" : null,
        "variables" : [ "W", "b" ]
      },
      "outputVertex" : false,
      "preProcessor" : null
    }
  }
}